"IndividualId","Time [min]","Organism|VenousBlood|Plasma|7E3|Concentration in container [µmol/l]","Organism|Brain|7E3|Whole Organ incl. FcRn_Complex-7E3 [µmol/l]","Organism|Heart|7E3|Whole Organ incl. FcRn_Complex-7E3 [µmol/l]","Organism|Kidney|7E3|Whole Organ incl. FcRn_Complex-7E3 [µmol/l]","Organism|SmallIntestine|7E3|Whole Organ (Small Intestine) incl. FcRn_Complex-7E3 [µmol/l]","Organism|LargeIntestine|7E3|Whole Organ (Large Intestine) incl. FcRn_Complex-7E3 [µmol/l]","Organism|Liver|7E3|Whole Organ incl. FcRn_Complex (Liver)-7E3 [µmol/l]","Organism|Lung|7E3|Whole Organ incl. FcRn_Complex-7E3 [µmol/l]","Organism|Muscle|7E3|Whole Organ incl. FcRn_Complex-7E3 [µmol/l]","Organism|Skin|7E3|Whole Organ incl. FcRn_Complex-7E3 [µmol/l]","Organism|Spleen|7E3|Whole Organ incl. FcRn_Complex-7E3 [µmol/l]"
0,0,0,0,0,0,0,0,0,0,0,0,0
0,3,1.0979205,0.00020167338,0.045493,0.016955454,0.009783288,0.010119327,0.026763605,0.14537606,0.003095552,0.0026705274,0.07618701
0,6,1.0679855,0.00031849835,0.052234706,0.020519404,0.011011151,0.012489794,0.03833276,0.14516556,0.0031680816,0.0031293954,0.10458329
0,9,1.040834,0.0003922047,0.058024768,0.023805842,0.01211275,0.014555393,0.048642624,0.14391658,0.0032156992,0.003558727,0.12562005
0,12,1.0159355,0.00044227988,0.06307766,0.026879067,0.0131263845,0.016381511,0.05786215,0.14219634,0.0032508278,0.0039684055,0.14104916
0,15,0.99302155,0.0004792289,0.067532964,0.029778458,0.014074595,0.018013988,0.06612185,0.14031264,0.0032805004,0.0043642083,0.15219888
0,18,0.9718646,0.000508763,0.071484104,0.0325285,0.014970413,0.019485781,0.0735265,0.13842215,0.0033083637,0.0047494303,0.16008121
0,21,0.9522705,0.0005339324,0.074997365,0.035145182,0.015821557,0.020821419,0.08016351,0.136599,0.0033362056,0.0051259776,0.16546953
0,24,0.9340722,0.00055639836,0.07812334,0.037639834,0.016632924,0.022039896,0.08610813,0.1348755,0.003364865,0.005495017,0.16895853
0,27,0.91712457,0.0005771065,0.080903165,0.040021192,0.017407918,0.02315641,0.09142664,0.13326348,0.0033947104,0.005857327,0.17100915
0,30,0.9013017,0.00059655687,0.08337119,0.042296246,0.01814899,0.02418324,0.096177846,0.13176265,0.0034258284,0.006213435,0.17197591
0,33,0.8864935,0.00061500364,0.085556924,0.044470858,0.018858027,0.025130445,0.10041435,0.13036682,0.0034581642,0.0065637217,0.17212988
0,36,0.87260294,0.00063262344,0.08748685,0.04655033,0.019536687,0.026006583,0.10418386,0.12906888,0.0034916343,0.0069085103,0.1716849
0,39,0.85954493,0.0006495022,0.08918439,0.04853936,0.020186385,0.026818743,0.10752928,0.12786038,0.0035261165,0.00724806,0.17080031
0,42,0.84724396,0.0006656993,0.09067074,0.05044228,0.020808414,0.02757301,0.11048958,0.12673324,0.003561491,0.0075826,0.16959977
0,45,0.83563286,0.000681257,0.091965154,0.0522631,0.021403968,0.028274613,0.113100134,0.12567991,0.003597643,0.007912337,0.16817787
0,48,0.8246524,0.0006961832,0.09308483,0.054005485,0.021974118,0.028927943,0.11539288,0.124692716,0.0036344505,0.008237445,0.16660205
0,51,0.81424814,0.00071052695,0.094045945,0.055673014,0.02251996,0.02953706,0.11739726,0.12376601,0.0036718324,0.008558108,0.16493165
0,54,0.8043719,0.00072431314,0.09486306,0.05726898,0.023042487,0.030105429,0.11913995,0.12289414,0.0037097028,0.008874486,0.16320862
0,57,0.7949796,0.0007375754,0.09554956,0.05879652,0.023542667,0.030636178,0.12064533,0.12207229,0.003747991,0.009186734,0.16146761
0,60,0.7860321,0.0007503229,0.09611746,0.06025851,0.024021367,0.031131981,0.12193543,0.1212955,0.0037866205,0.009494985,0.15973039
0,63,0.77749413,0.0007625682,0.09657771,0.061657686,0.024479423,0.031595215,0.12303031,0.1205594,0.0038255237,0.009799363,0.15801266
0,66,0.7693337,0.0007743243,0.09694032,0.06299662,0.024917627,0.03202801,0.12394822,0.119860105,0.0038646415,0.010099985,0.15632513
0,69,0.7615217,0.0007856063,0.097214445,0.06427775,0.025336739,0.032432284,0.124705784,0.119194165,0.0039039224,0.010396961,0.15467513
0,72,0.75403184,0.00079642434,0.09740838,0.065503396,0.025737472,0.03280976,0.12531812,0.118558325,0.003943317,0.010690393,0.1530667
0,75,0.74683994,0.0008068009,0.0975298,0.06667577,0.026120534,0.03316205,0.12579904,0.117950045,0.0039827903,0.010980383,0.15150322
0,78,0.73992395,0.00081674126,0.09758563,0.06779692,0.026486564,0.033490613,0.12616116,0.11736646,0.0040222974,0.011267016,0.14998695
0,81,0.73326397,0.00082626805,0.09758225,0.06886886,0.026836207,0.03379676,0.12641585,0.116805606,0.0040618125,0.011550382,0.14851709
0,84,0.7268413,0.0008353886,0.097525455,0.069893464,0.027170053,0.034081783,0.12657368,0.11626513,0.0041013,0.011830561,0.14709584
0,87,0.7206394,0.0008441197,0.0974205,0.070872515,0.027488679,0.034346774,0.12664403,0.11574334,0.0041407365,0.012107628,0.1457204
0,90,0.7146427,0.0008524726,0.09727224,0.07180773,0.02779263,0.034592822,0.12663566,0.11523842,0.004180096,0.012381656,0.1443908
0,93,0.70883715,0.00086045964,0.09708505,0.07270072,0.028082434,0.034820907,0.12655637,0.11474885,0.0042193574,0.012652712,0.14310518
0,96,0.70321,0.0008680926,0.09686291,0.07355303,0.028358592,0.035031926,0.12641332,0.11427323,0.004258501,0.012920859,0.14186102
0,99,0.6977494,0.0008753822,0.096609466,0.07436616,0.028621579,0.035226736,0.12621304,0.113810256,0.0042975084,0.013186158,0.14065635
0,102,0.69244456,0.000882339,0.096328005,0.07514149,0.028871857,0.03540613,0.12596138,0.11335877,0.0043363646,0.013448664,0.13948894
0,105,0.6872855,0.0008889729,0.09602155,0.075880386,0.029109865,0.035570856,0.12566376,0.1129177,0.004375054,0.013708432,0.13835649
0,108,0.6822634,0.00089529477,0.09569273,0.076584116,0.029336026,0.035721596,0.12532485,0.112486154,0.004413565,0.013965514,0.13725682
0,111,0.67736965,0.0009013134,0.09534409,0.07725392,0.029550744,0.03585903,0.124949165,0.1120632,0.0044518863,0.014219956,0.13618815
0,114,0.6725964,0.00090703735,0.09497793,0.077891,0.02975441,0.0359838,0.12454086,0.11164801,0.0044900053,0.014471805,0.13514908
0,117,0.6679359,0.0009124741,0.09459645,0.07849648,0.0299474,0.036096547,0.124103844,0.111239724,0.004527911,0.014721106,0.13413881
0,120,0.6633835,0.00091763685,0.09420101,0.0790714,0.030130068,0.03619768,0.12364043,0.11083809,0.0045656026,0.014967899,0.13315266
0,135,0.64202243,0.00093957817,0.092074715,0.08152346,0.030900352,0.036548775,0.1210357,0.108906105,0.004750531,0.016165616,0.12857327
0,150,0.6225789,0.0009557526,0.08980897,0.08335346,0.031459745,0.036682785,0.11814463,0.107062854,0.004929149,0.01730606,0.124478295
0,165,0.60463274,0.0009669915,0.08750437,0.08465804,0.031840835,0.036644913,0.11514496,0.10527335,0.005101127,0.018392919,0.120750055
0,180,0.5879003,0.0009740008,0.085218005,0.08551765,0.032070953,0.036470354,0.11213742,0.10351771,0.005266358,0.019429289,0.117298275
0,195,0.57217824,0.0009773837,0.082982406,0.08600023,0.032173276,0.036187675,0.10917998,0.10178416,0.0054248506,0.02041786,0.11407258
0,210,0.5573138,0.0009776673,0.08081622,0.08616366,0.0321676,0.035820223,0.10630658,0.10006598,0.005576685,0.021361027,0.11104127
0,225,0.5431934,0.00097531016,0.078728415,0.08605737,0.032070868,0.035386678,0.103534356,0.09836007,0.0057219937,0.022260945,0.1081741
0,240,0.52973205,0.0009707072,0.07672136,0.085723594,0.031897586,0.034902014,0.10086889,0.09666566,0.0058609406,0.023119565,0.1054468
0,255,0.51686317,0.00096420187,0.07479392,0.085198544,0.031660195,0.03437845,0.098309815,0.09498321,0.005993703,0.02393868,0.10284339
0,270,0.5045313,0.0009560943,0.07294364,0.08451347,0.031369425,0.033826098,0.095854536,0.09331367,0.0061204634,0.02471996,0.1003541
0,285,0.4926906,0.0009466448,0.07116721,0.0836953,0.031034514,0.033253163,0.093498915,0.091658324,0.0062414054,0.025464958,0.09796915
0,300,0.48130292,0.0009360793,0.0694607,0.08276719,0.030663405,0.032666273,0.09123772,0.09001867,0.006356714,0.026175128,0.0956794
0,315,0.47033373,0.00092459505,0.06782075,0.08174929,0.030262988,0.03207098,0.089066625,0.08839596,0.006466566,0.026851851,0.09347827
0,330,0.45975658,0.0009123626,0.06624297,0.08065874,0.02983913,0.031471528,0.08697936,0.08679187,0.0065711425,0.027496416,0.091356784
0,345,0.44954753,0.0008995299,0.06472339,0.079510294,0.029396875,0.030871436,0.084970355,0.085207865,0.006670618,0.028110042,0.089309625
0,360,0.4396853,0.0008862254,0.06325833,0.07831667,0.028940551,0.030273536,0.083034426,0.083645225,0.0067651616,0.028693894,0.08733232
0,375,0.43015078,0.00087255955,0.061844468,0.07708875,0.028473862,0.029680122,0.081166975,0.08210507,0.006854937,0.029249072,0.08542157
0,390,0.42092663,0.000858628,0.060478836,0.07583587,0.027999971,0.029092979,0.07936391,0.080588356,0.0069401027,0.029776633,0.08357335
0,405,0.41199523,0.00084451435,0.059159223,0.074566215,0.027521646,0.02851374,0.07762241,0.07909566,0.0070208074,0.030277586,0.08178627
0,420,0.40334442,0.0008302881,0.057882633,0.07328637,0.02704111,0.02794327,0.07593814,0.07762793,0.0070972047,0.030752886,0.08005483
0,435,0.39495704,0.00081601454,0.056647837,0.07200275,0.026560515,0.027382914,0.07430985,0.07618524,0.0071694297,0.031203475,0.078379095
0,450,0.38682428,0.0008017425,0.055452004,0.07071982,0.026081355,0.026832916,0.07273334,0.074768394,0.007237628,0.031630218,0.07675391
0,465,0.37893248,0.000787521,0.05429378,0.069442324,0.025605218,0.02629412,0.07120701,0.07337747,0.0073019294,0.032033976,0.07517817
0,480,0.3712723,0.00077338674,0.05317124,0.06817361,0.025133213,0.025766728,0.069728136,0.07201279,0.0073624663,0.032415558,0.07364918
0,495,0.36383468,0.00075937225,0.05208257,0.06691667,0.02466633,0.025250938,0.06829419,0.07067458,0.007419365,0.032775752,0.07216466
0,510,0.3566109,0.00074550504,0.051026214,0.065674014,0.024205394,0.024746878,0.066903055,0.06936293,0.007472748,0.033115305,0.070722826
0,525,0.34959278,0.0007318068,0.050000787,0.06444758,0.023751028,0.024254527,0.06555285,0.06807783,0.007522734,0.033434942,0.06932215
0,540,0.34277293,0.0007182965,0.04900488,0.06323904,0.023303775,0.02377384,0.06424165,0.06681928,0.007569437,0.033735365,0.06796116
0,555,0.33614373,0.00070498907,0.048037425,0.06204969,0.022864044,0.023304736,0.062968045,0.06558709,0.007612968,0.03401724,0.066638395
0,570,0.32969797,0.0006918973,0.047097396,0.06088066,0.022432184,0.022847116,0.061730716,0.06438106,0.007653433,0.03428122,0.06535275
0,585,0.32342932,0.0006790305,0.046183713,0.059732713,0.022008428,0.02240079,0.060528204,0.063200995,0.007690936,0.034527935,0.06410267
0,600,0.31733108,0.00066639733,0.045295555,0.058606587,0.021592999,0.021965643,0.059359472,0.06204656,0.0077255773,0.034757987,0.06288684
0,615,0.31139752,0.00065400306,0.044431962,0.057502683,0.021186002,0.021541445,0.058223225,0.060917486,0.007757454,0.03497196,0.06170411
0,630,0.3056231,0.0006418524,0.043592043,0.05642136,0.020787533,0.021128,0.057118256,0.059813455,0.0077866605,0.03517042,0.06055315
0,645,0.30000252,0.000629948,0.042774968,0.0553628,0.020397631,0.020725083,0.056043454,0.058734115,0.007813289,0.035353914,0.059432864
0,660,0.29453078,0.00061829115,0.041979916,0.054327045,0.020016281,0.02033245,0.05499772,0.05767911,0.007837426,0.035522964,0.058342364
0,675,0.28920326,0.00060688256,0.041206077,0.053314086,0.019643456,0.019949853,0.053979944,0.05664807,0.00785916,0.035678085,0.057280686
0,690,0.28401518,0.0005957215,0.040452797,0.052323792,0.019279089,0.019577054,0.052989278,0.05564058,0.007878573,0.03581976,0.05624692
0,705,0.2789622,0.00058480684,0.03971937,0.051356006,0.018923102,0.0192138,0.052024785,0.05465622,0.007895744,0.035948474,0.055240273
0,720,0.27403995,0.00057413726,0.03900515,0.050410565,0.018575417,0.018859861,0.051085602,0.053694576,0.0079107545,0.036064684,0.05425964
0,735,0.26924434,0.0005637098,0.03830956,0.049487133,0.018235898,0.018514983,0.05017098,0.052755196,0.007923677,0.03616884,0.05330438
0,750,0.26457143,0.0005535208,0.03763206,0.048585337,0.017904395,0.018178912,0.049280237,0.051837604,0.007934584,0.036261365,0.05237384
0,765,0.26001742,0.0005435683,0.03697201,0.047704954,0.017580815,0.01785143,0.048412487,0.050941404,0.007943549,0.03634268,0.051467028
0,780,0.2555787,0.0005338485,0.036328863,0.046845604,0.017265007,0.017532296,0.047567014,0.05006614,0.00795064,0.036413196,0.0505832
0,795,0.25125185,0.0005243559,0.03570218,0.046006758,0.016956773,0.017221265,0.04674325,0.049211316,0.007955923,0.03647329,0.049721796
0,810,0.24703352,0.0005150861,0.035091475,0.04518797,0.01665594,0.0169181,0.04594057,0.048376475,0.00795946,0.036523335,0.04888216
0,825,0.2429203,0.00050603744,0.034496136,0.04438907,0.01636244,0.016622618,0.04515812,0.04756124,0.007961317,0.036563717,0.048063442
0,840,0.23890923,0.00049720344,0.033915777,0.043609437,0.016076038,0.016334573,0.04439542,0.04676511,0.0079615535,0.03659477,0.04726513
0,855,0.2349974,0.00048857875,0.03334997,0.042848572,0.015796551,0.01605375,0.043651886,0.04598763,0.007960226,0.036616843,0.046486635
0,870,0.23118173,0.00048016026,0.032798227,0.042106174,0.015523859,0.015779957,0.04292689,0.04522839,0.007957393,0.036630265,0.04572733
0,885,0.22745936,0.0004719435,0.03226014,0.04138181,0.015257803,0.015512998,0.042219866,0.044486955,0.00795311,0.036635365,0.04498665
0,900,0.2238277,0.000463923,0.031735305,0.04067498,0.014998194,0.015252672,0.041530296,0.043762885,0.00794743,0.03663244,0.044264074
0,915,0.22028418,0.00045609407,0.031223334,0.039985247,0.014744871,0.014998792,0.04085766,0.043055754,0.007940402,0.036621794,0.043559074
0,930,0.21682596,0.00044845324,0.030723838,0.039312277,0.014497707,0.014751176,0.04020145,0.042365167,0.00793208,0.036603726,0.042871114
0,945,0.21345073,0.00044099533,0.030236458,0.038655598,0.014256526,0.014509647,0.039561197,0.0416907,0.00792251,0.036578514,0.04219972
0,960,0.21015614,0.00043371573,0.029760847,0.038014784,0.014021173,0.014274035,0.038936432,0.041031945,0.007911739,0.03654642,0.041544434
0,975,0.20693976,0.00042661026,0.029296651,0.037389454,0.013791503,0.014044165,0.038326696,0.040388517,0.007899813,0.036507722,0.040904757
0,990,0.20379935,0.00041967462,0.028843546,0.036779203,0.0135673685,0.013819874,0.03773156,0.039760023,0.007886777,0.036462672,0.040280245
0,1005,0.20073277,0.00041290425,0.028401218,0.036183625,0.0133486185,0.013601007,0.037150618,0.039146077,0.007872672,0.036411513,0.039670475
0,1020,0.19773792,0.00040629494,0.027969362,0.035602335,0.013135111,0.013387408,0.03658346,0.03854631,0.007857539,0.036354482,0.039075024
0,1035,0.19481266,0.00039984268,0.027547654,0.035034962,0.012926708,0.013178922,0.036029663,0.037960358,0.007841419,0.036291827,0.038493462
0,1050,0.19195509,0.00039354322,0.027135823,0.034481123,0.01272327,0.012975407,0.035488866,0.037387863,0.007824353,0.036223754,0.037925404
0,1065,0.18916334,0.00038739239,0.026733596,0.033940446,0.012524658,0.01277672,0.034960717,0.036828466,0.0078063738,0.03615048,0.037370477
0,1080,0.18643554,0.00038138623,0.026340699,0.03341257,0.012330741,0.012582727,0.03444485,0.036281828,0.0077875196,0.03607222,0.03682831
0,1095,0.18376975,0.00037552117,0.025956843,0.032897163,0.012141397,0.012393287,0.03394088,0.03574762,0.0077678273,0.035989184,0.036298517
0,1110,0.18116435,0.00036979318,0.025581788,0.032393876,0.011956497,0.012208276,0.0334485,0.03522551,0.0077473302,0.03590156,0.035780773
0,1125,0.17861767,0.00036419852,0.025215294,0.03190237,0.0117759155,0.01202757,0.032967385,0.034715183,0.0077260598,0.03580954,0.035274744
0,1140,0.17612809,0.00035873355,0.024857122,0.031422317,0.011599533,0.011851046,0.03249722,0.03421632,0.007704048,0.035713296,0.034780104
0,1155,0.17369387,0.000353395,0.024507012,0.03095342,0.01142724,0.011678581,0.03203767,0.033728622,0.0076813283,0.035613034,0.03429651
0,1170,0.17131354,0.0003481793,0.024164757,0.030495362,0.011258922,0.011510066,0.031588458,0.033251792,0.0076579293,0.035508905,0.033823665
0,1185,0.16898566,0.00034308305,0.023830138,0.030047845,0.011094467,0.01134539,0.03114929,0.032785542,0.00763388,0.035401076,0.033361282
0,1200,0.16670878,0.00033810304,0.023502942,0.029610578,0.010933769,0.011184446,0.030719893,0.03232959,0.0076092067,0.035289712,0.03290907
0,1215,0.16448137,0.00033323615,0.02318295,0.02918328,0.010776726,0.011027124,0.030299975,0.03188366,0.00758394,0.035174977,0.03246672
0,1230,0.16230214,0.00032847928,0.022869973,0.028765677,0.010623236,0.010873327,0.029889286,0.031447485,0.0075581046,0.035057016,0.032033984
0,1245,0.16016977,0.00032382944,0.022563815,0.028357506,0.010473203,0.0107229585,0.029487573,0.031020809,0.0075317253,0.03493597,0.031610593
0,1260,0.15808298,0.00031928372,0.02226429,0.027958505,0.010326532,0.010575922,0.029094588,0.030603377,0.0075048273,0.03481198,0.031196296
0,1275,0.15604046,0.00031483918,0.021971207,0.027568417,0.010183128,0.010432121,0.028710075,0.030194936,0.0074774353,0.0346852,0.030790823
0,1290,0.15404104,0.00031049317,0.021684395,0.027187,0.010042901,0.010291469,0.028333815,0.02979525,0.007449572,0.034555744,0.030393945
0,1305,0.15208356,0.00030624296,0.021403685,0.02681402,0.009905767,0.010153881,0.027965583,0.029404089,0.007421259,0.034423742,0.030005429
0,1320,0.15016687,0.000302086,0.02112891,0.026449244,0.00977164,0.010019272,0.02760516,0.029021224,0.0073925178,0.03428932,0.029625047
0,1335,0.14828983,0.0002980196,0.020859897,0.026092438,0.009640436,0.009887554,0.027252318,0.028646428,0.007363371,0.0341526,0.029252568
0,1350,0.1464514,0.00029404138,0.0205965,0.025743391,0.009512073,0.009758652,0.026906863,0.028279489,0.007333838,0.0340137,0.028887786
0,1365,0.14465053,0.00029014895,0.020338565,0.02540189,0.009386479,0.009632491,0.026568595,0.027920201,0.007303938,0.033872724,0.028530497
0,1380,0.14288625,0.00028634,0.020085948,0.02506773,0.009263575,0.009508994,0.026237322,0.027568359,0.0072736894,0.033729777,0.028180497
0,1395,0.14115751,0.0002826121,0.019838495,0.024740703,0.009143285,0.009388085,0.025912842,0.02722376,0.007243112,0.033584975,0.027837578
0,1410,0.13946337,0.0002789632,0.019596072,0.02442062,0.009025541,0.0092696985,0.025594978,0.026886217,0.0072122235,0.033438414,0.027501563
0,1425,0.13780296,0.00027539115,0.019358547,0.024107294,0.008910275,0.009153764,0.025283556,0.026555544,0.0071810395,0.03329019,0.027172266
0,1440,0.13617535,0.0002718939,0.019125788,0.02380054,0.008797417,0.009040217,0.024978405,0.026231557,0.0071495776,0.03314039,0.026849508
0,1455,0.13457964,0.00026846927,0.018897662,0.023500176,0.008686903,0.008928988,0.024679346,0.025914075,0.007117855,0.03298912,0.026533106
0,1470,0.13301502,0.00026511546,0.01867405,0.023206033,0.008578668,0.00882002,0.024386223,0.025602931,0.0070858854,0.03283646,0.0262229
0,1485,0.13148068,0.00026183052,0.018454831,0.022917943,0.008472655,0.008713249,0.02409888,0.025297958,0.0070536844,0.032682493,0.025918726
0,1500,0.12997581,0.00025861262,0.018239893,0.022635747,0.008368801,0.008608621,0.023817165,0.024998998,0.007021267,0.0325273,0.025620427
0,1515,0.1284996,0.00025545992,0.018029114,0.022359278,0.008267047,0.008506071,0.02354092,0.024705881,0.006988647,0.03237097,0.025327837
0,1530,0.12705134,0.0002523707,0.01782239,0.022088386,0.008167339,0.0084055485,0.023270005,0.024418464,0.006955838,0.032213572,0.025040817
0,1545,0.1256303,0.00024934328,0.017619615,0.021822928,0.008069622,0.008307,0.023004286,0.024136595,0.0069228522,0.03205518,0.024759216
0,1560,0.12423577,0.00024637606,0.017420689,0.021562755,0.007973844,0.008210373,0.022743624,0.023860134,0.0068897037,0.031895865,0.0244829
0,1575,0.12286704,0.00024346732,0.0172255,0.021307722,0.007879951,0.008115615,0.022487879,0.023588931,0.0068564042,0.0317357,0.024211721
0,1590,0.121523455,0.0002406156,0.017033959,0.021057697,0.007787895,0.008022676,0.022236928,0.023322856,0.006822966,0.03157475,0.023945551
0,1605,0.12020439,0.0002378194,0.016845971,0.02081255,0.0076976274,0.007931513,0.021990651,0.023061775,0.0067894,0.031413075,0.023684265
0,1620,0.1189092,0.00023507728,0.016661445,0.020572152,0.0076091015,0.007842076,0.021748925,0.022805562,0.0067557166,0.03125074,0.023427734
0,1635,0.11763726,0.00023238773,0.016480288,0.02033637,0.007522269,0.0077543184,0.021511625,0.022554085,0.006721928,0.03108781,0.023175832
0,1650,0.116387986,0.0002297494,0.016302412,0.020105092,0.0074370876,0.007668199,0.021278646,0.022307225,0.0066880435,0.030924335,0.022928445
0,1665,0.115160815,0.00022716103,0.016127741,0.019878196,0.0073535144,0.007583676,0.021049874,0.022064868,0.0066540735,0.030760372,0.022685459
0,1680,0.11395519,0.00022462127,0.015956191,0.01965557,0.0072715078,0.007500707,0.020825204,0.021826897,0.006620027,0.030595975,0.022446763
0,1695,0.11277054,0.0002221288,0.015787676,0.019437099,0.0071910247,0.0074192514,0.020604525,0.021593196,0.006585914,0.0304312,0.02221224
0,1710,0.11160636,0.00021968246,0.015622124,0.019222677,0.0071120276,0.0073392703,0.020387739,0.02136366,0.006551744,0.030266093,0.021981794
0,1725,0.11046214,0.00021728108,0.015459461,0.019012202,0.0070344782,0.0072607277,0.020174751,0.021138186,0.0065175244,0.030100701,0.021755323
0,1740,0.10933738,0.00021492346,0.0152996145,0.018805573,0.00695834,0.0071835862,0.019965464,0.02091667,0.006483264,0.029935073,0.021532724
0,1755,0.10823158,0.00021260847,0.015142511,0.018602684,0.0068835737,0.0071078087,0.019759782,0.02069901,0.0064489706,0.029769255,0.021313898
0,1770,0.10714429,0.00021033506,0.014988082,0.018403444,0.0068101473,0.0070333616,0.019557616,0.02048511,0.006414653,0.029603286,0.021098757
0,1785,0.10607505,0.00020810215,0.014836266,0.018207762,0.006738026,0.0069602123,0.019358883,0.020274881,0.0063803177,0.02943721,0.020887207
0,1800,0.10502342,0.00020590873,0.014686995,0.018015549,0.006667177,0.006888328,0.019163493,0.020068228,0.0063459724,0.029271066,0.020679165
0,1815,0.10398895,0.00020375376,0.014540205,0.017826708,0.006597567,0.006817675,0.018971363,0.01986506,0.006311624,0.029104894,0.020474534
0,1830,0.10297125,0.0002016363,0.014395836,0.017641162,0.006529165,0.006748225,0.018782414,0.019665295,0.0062772795,0.028938731,0.020273238
0,1845,0.1019699,0.00019955543,0.014253831,0.017458828,0.006461942,0.006679947,0.018596571,0.01946885,0.006242945,0.02877261,0.020075198
0,1860,0.100984514,0.00019751022,0.01411413,0.017279623,0.0063958685,0.006612813,0.018413756,0.019275643,0.006208626,0.028606568,0.019880334
0,1875,0.10001469,0.00019549974,0.013976676,0.017103467,0.0063309134,0.006546793,0.018233892,0.01908559,0.0061743306,0.028440638,0.019688563
0,1890,0.09906006,0.00019352316,0.013841418,0.016930288,0.006267051,0.0064818603,0.01805691,0.01889862,0.0061400635,0.028274849,0.019499816
0,1905,0.09812027,0.00019157966,0.013708301,0.01676001,0.0062042545,0.0064179893,0.017882744,0.018714655,0.0061058295,0.028109236,0.019314023
0,1920,0.097194985,0.0001896684,0.013577275,0.016592566,0.006142497,0.0063551534,0.017711325,0.018533627,0.006071635,0.027943825,0.01913111
0,1935,0.09628383,0.00018778858,0.013448289,0.016427878,0.0060817525,0.006293327,0.017542582,0.018355459,0.0060374853,0.027778648,0.018951008
0,1950,0.09538649,0.00018593945,0.013321294,0.016265886,0.006021997,0.0062324866,0.017376456,0.018180087,0.006003385,0.027613727,0.018773653
0,1965,0.09450265,0.00018412029,0.013196246,0.016106522,0.005963207,0.0061726086,0.017212886,0.018007446,0.0059693386,0.02744909,0.018598983
0,1980,0.093632,0.00018233036,0.013073099,0.015949722,0.0059053595,0.00611367,0.017051812,0.017837472,0.0059353514,0.027284764,0.018426934
0,1995,0.09277421,0.00018056891,0.012951805,0.015795425,0.0058484296,0.0060556475,0.016893173,0.017670097,0.005901427,0.02712077,0.018257443
0,2010,0.091929,0.0001788353,0.012832324,0.01564357,0.0057923975,0.00599852,0.016736913,0.017505262,0.0058675706,0.026957134,0.018090451
0,2025,0.091096096,0.00017712888,0.012714614,0.0154941,0.005737241,0.0059422674,0.016582979,0.01734291,0.005833786,0.026793875,0.017925905
0,2040,0.0902752,0.00017544898,0.012598635,0.015346958,0.0056829397,0.0058868686,0.016431317,0.017182983,0.0058000763,0.026631014,0.017763745
0,2055,0.089466035,0.00017379496,0.012484343,0.015202087,0.0056294724,0.005832303,0.016281871,0.017025424,0.0057664467,0.026468577,0.017603919
0,2070,0.088668354,0.00017216623,0.012371704,0.015059435,0.0055768206,0.005778551,0.016134594,0.016870178,0.0057328995,0.026306577,0.01744637
0,2085,0.08788189,0.00017056218,0.012260679,0.014918949,0.0055249645,0.005725595,0.015989436,0.016717194,0.0056994394,0.026145035,0.017291054
0,2100,0.08710641,0.00016898228,0.012151233,0.014780581,0.0054738866,0.0056734164,0.01584635,0.01656642,0.0056660688,0.02598397,0.017137919
0,2115,0.08634164,0.00016742591,0.012043328,0.014644278,0.0054235673,0.0056219967,0.015705286,0.016417803,0.0056327917,0.025823398,0.01698691
0,2130,0.08558736,0.00016589255,0.011936931,0.014509995,0.0053739897,0.0055713193,0.015566202,0.016271297,0.0055996105,0.025663335,0.016837986
0,2145,0.084843345,0.00016438168,0.011832009,0.014377683,0.0053251376,0.005521367,0.015429053,0.016126856,0.0055665285,0.025503797,0.016691102
0,2160,0.08410937,0.00016289279,0.011728529,0.0142473,0.005276994,0.005472124,0.0152937975,0.015984433,0.0055335485,0.025344798,0.01654621
0,2175,0.083385214,0.00016142534,0.011626459,0.0141188,0.0052295416,0.0054235733,0.015160391,0.01584398,0.0055006733,0.025186354,0.016403269
0,2190,0.08267067,0.00015997888,0.011525768,0.013992139,0.0051827664,0.0053757005,0.015028795,0.015705457,0.005467905,0.025028478,0.016262233
0,2205,0.08196552,0.00015855294,0.011426427,0.0138672795,0.0051366524,0.0053284904,0.014898972,0.015568823,0.0054352474,0.024871184,0.016123066
0,2220,0.08126958,0.00015714705,0.0113284085,0.013744178,0.005091185,0.0052819285,0.01477088,0.015434033,0.005402701,0.02471448,0.015985727
0,2235,0.08058264,0.00015576076,0.0112316795,0.013622796,0.00504635,0.0052359994,0.014644483,0.01530105,0.0053702695,0.024558382,0.015850173
0,2250,0.07990452,0.00015439362,0.011136216,0.013503095,0.0050021326,0.005190691,0.014519745,0.015169832,0.0053379545,0.0244029,0.015716372
0,2265,0.07923504,0.00015304526,0.011041991,0.013385039,0.00495852,0.005145989,0.014396631,0.015040345,0.005305758,0.024248045,0.0155842835
0,2280,0.078574024,0.00015171523,0.010948979,0.013268593,0.0049154996,0.0051018805,0.0142751075,0.01491255,0.0052736825,0.024093825,0.015453874
0,2295,0.07792128,0.00015040312,0.010857152,0.013153718,0.004873057,0.0050583524,0.014155139,0.014786411,0.0052417293,0.023940252,0.015325107
0,2310,0.07727664,0.00014910856,0.010766488,0.013040382,0.0048311804,0.005015393,0.0140366955,0.014661894,0.0052099004,0.023787335,0.015197949
0,2325,0.07663996,0.00014783119,0.010676961,0.012928553,0.0047898577,0.0049729897,0.013919744,0.014538965,0.0051781973,0.023635082,0.015072368
0,2340,0.07601106,0.00014657062,0.01058855,0.012818199,0.004749078,0.0049311314,0.013804255,0.0144175915,0.0051466217,0.0234835,0.014948333
0,2355,0.075389795,0.00014532648,0.01050123,0.012709285,0.004708828,0.0048898063,0.013690197,0.01429774,0.0051151756,0.023332598,0.01482581
0,2370,0.074776,0.00014409845,0.010414979,0.0126017835,0.0046690973,0.0048490036,0.013577541,0.014179379,0.00508386,0.023182381,0.0147047695
0,2385,0.07416955,0.00014288617,0.010329778,0.012495665,0.004629875,0.0048087123,0.01346626,0.014062481,0.005052676,0.023032859,0.014585184
0,2400,0.073570274,0.00014168935,0.010245604,0.0123908995,0.0045911516,0.004768922,0.013356327,0.013947014,0.0050216257,0.022884037,0.014467023
0,2415,0.07297804,0.00014050762,0.010162436,0.012287459,0.0045529148,0.0047296225,0.013247713,0.01383295,0.0049907095,0.022735922,0.014350259
0,2430,0.07239272,0.0001393407,0.0100802565,0.0121853165,0.004515156,0.0046908036,0.0131403925,0.01372026,0.004959929,0.022588518,0.014234864
0,2445,0.07181418,0.00013818828,0.009999044,0.012084445,0.004477865,0.0046524564,0.013034342,0.0136089185,0.004929285,0.02244183,0.0141208125
0,2460,0.07124228,0.00013705005,0.009918782,0.0119848205,0.0044410327,0.0046145706,0.0129295355,0.013498899,0.004898779,0.022295864,0.014008079
0,2475,0.0706769,0.00013592574,0.009839449,0.011886414,0.0044046487,0.0045771375,0.012825947,0.013390173,0.004868412,0.022150625,0.013896637
0,2490,0.07011791,0.00013481507,0.00976103,0.011789204,0.004368705,0.0045401487,0.012723556,0.013282717,0.0048381845,0.022006117,0.013786462
0,2505,0.069565214,0.00013371777,0.009683506,0.011693166,0.0043331934,0.0045035942,0.012622338,0.013176508,0.004808097,0.021862341,0.013677532
0,2520,0.06901867,0.00013263356,0.009606861,0.011598276,0.004298104,0.004467467,0.012522272,0.01307152,0.004778151,0.021719305,0.013569822
0,2535,0.06847817,0.00013156219,0.009531078,0.011504511,0.004263429,0.004431758,0.012423335,0.012967731,0.004748347,0.02157701,0.013463309
0,2550,0.0679436,0.00013050342,0.00945614,0.011411851,0.004229161,0.004396459,0.012325507,0.012865117,0.004718686,0.02143546,0.013357973
0,2565,0.06741487,0.000129457,0.009382034,0.011320273,0.004195291,0.0043615634,0.0122287655,0.012763658,0.0046891677,0.021294657,0.013253791
0,2580,0.066891864,0.00012842269,0.009308742,0.011229758,0.0041618124,0.004327062,0.012133094,0.01266333,0.004659794,0.021154603,0.013150743
0,2595,0.066374466,0.00012740024,0.009236252,0.011140282,0.004128717,0.0042929486,0.012038469,0.012564113,0.0046305642,0.021015301,0.013048808
0,2610,0.065862596,0.00012638947,0.009164547,0.011051829,0.0040959977,0.0042592157,0.011944874,0.012465988,0.004601479,0.020876752,0.012947965
0,2625,0.06535615,0.00012539011,0.009093613,0.010964378,0.0040636477,0.004225856,0.0118522905,0.012368935,0.0045725396,0.02073896,0.0128481975
0,2640,0.06485503,0.00012440198,0.009023438,0.01087791,0.0040316596,0.004192863,0.0117607,0.0122729335,0.004543746,0.020601925,0.012749484
0,2655,0.06435915,0.00012342485,0.008954008,0.010792406,0.004000027,0.0041602296,0.011670084,0.012177964,0.0045150984,0.020465646,0.012651807
0,2670,0.06386841,0.00012245853,0.008885309,0.01070785,0.003968744,0.00412795,0.011580425,0.012084009,0.004486597,0.02033013,0.012555148
0,2685,0.06338273,0.000121502824,0.008817329,0.010624224,0.003937803,0.004096017,0.011491708,0.011991051,0.0044582426,0.02019537,0.012459491
0,2700,0.062902026,0.00012055753,0.008750056,0.010541511,0.003907199,0.0040644254,0.011403917,0.011899073,0.0044300347,0.020061374,0.012364818
0,2715,0.062426206,0.00011962247,0.008683477,0.010459694,0.003876925,0.004033168,0.011317035,0.011808056,0.0044019744,0.019928139,0.012271112
0,2730,0.06195519,0.00011869745,0.00861758,0.010378757,0.0038469753,0.00400224,0.011231046,0.011717985,0.004374061,0.019795666,0.012178356
0,2745,0.061488904,0.0001177823,0.008552355,0.010298685,0.0038173443,0.003971635,0.011145935,0.011628844,0.004346295,0.019663952,0.012086537
0,2760,0.06102727,0.00011687684,0.00848779,0.010219463,0.0037880265,0.0039413483,0.011061689,0.011540616,0.0043186764,0.019533,0.011995637
0,2775,0.060570206,0.0001159809,0.008423873,0.010141075,0.0037590163,0.003911373,0.010978292,0.011453287,0.0042912057,0.019402813,0.01190564
0,2790,0.06011764,0.00011509432,0.008360595,0.010063507,0.0037303085,0.0038817055,0.010895729,0.0113668395,0.0042638825,0.019273384,0.011816535
0,2805,0.059669506,0.00011421694,0.008297944,0.009986744,0.0037018976,0.0038523395,0.010813989,0.011281262,0.004236707,0.019144716,0.011728305
0,2820,0.059225727,0.0001133486,0.008235913,0.009910774,0.003673779,0.0038232703,0.010733057,0.011196539,0.004209679,0.019016808,0.011640937
0,2835,0.058786236,0.00011248914,0.008174487,0.009835582,0.0036459472,0.0037944927,0.01065292,0.011112655,0.004182799,0.018889658,0.011554416
0,2850,0.058350965,0.00011163842,0.00811366,0.0097611565,0.003618398,0.0037660024,0.010573566,0.011029598,0.004156066,0.018763268,0.011468731
0,2865,0.057919852,0.000110796296,0.008053422,0.009687482,0.003591126,0.0037377945,0.010494981,0.010947355,0.0041294806,0.018637633,0.011383867
0,2880,0.05749283,0.00010996262,0.007993763,0.00961455,0.0035641275,0.0037098643,0.010417155,0.010865912,0.0041030427,0.018512754,0.011299811
0,2895,0.057069834,0.00010913725,0.007934675,0.009542344,0.0035373971,0.0036822073,0.010340075,0.010785257,0.0040767514,0.018388629,0.011216552
0,2910,0.05665081,0.000108320055,0.0078761475,0.009470855,0.003510931,0.0036548194,0.010263729,0.010705377,0.0040506073,0.018265259,0.011134077
0,2925,0.056235693,0.0001075109,0.007818173,0.009400071,0.0034847248,0.0036276963,0.010188107,0.010626261,0.00402461,0.018142637,0.011052375
0,2940,0.05582443,0.00010670966,0.0077607436,0.009329979,0.0034587744,0.003600834,0.010113197,0.010547897,0.003998759,0.018020766,0.0109714335
0,2955,0.055416953,0.00010591621,0.0077038505,0.00926057,0.0034330757,0.003574228,0.010038989,0.010470272,0.0039730547,0.017899644,0.010891241
0,2970,0.055013217,0.00010513042,0.0076474855,0.009191832,0.0034076248,0.0035478745,0.009965471,0.010393376,0.0039474964,0.017779266,0.010811788
0,2985,0.054613166,0.00010435218,0.007591641,0.009123755,0.0033824176,0.00352177,0.009892634,0.010317199,0.003922084,0.017659632,0.010733062
0,3000,0.054216743,0.00010358137,0.00753631,0.009056329,0.0033574507,0.0034959104,0.009820468,0.010241729,0.0038968166,0.017540742,0.010655053
0,3015,0.0538239,0.00010281786,0.0074814837,0.008989543,0.00333272,0.0034702918,0.009748963,0.010166955,0.003871695,0.017422589,0.010577751
0,3030,0.053434584,0.00010206156,0.007427156,0.008923387,0.0033082222,0.0034449112,0.009678109,0.010092868,0.0038467178,0.017305175,0.010501146
0,3045,0.053048745,0.000101312355,0.007373319,0.008857854,0.0032839535,0.0034197648,0.009607897,0.010019457,0.0038218854,0.017188495,0.010425228
0,3060,0.052666336,0.000100570134,0.0073199663,0.008792931,0.003259911,0.0033948491,0.009538318,0.009946713,0.003797197,0.01707255,0.010349987
0,3075,0.05228731,9.98348E-05,0.0072670905,0.008728612,0.0032360908,0.0033701607,0.009469362,0.009874627,0.0037726527,0.016957333,0.010275413
0,3090,0.05191162,9.910623E-05,0.0072146854,0.0086648865,0.00321249,0.0033456963,0.0094010215,0.009803188,0.0037482516,0.016842844,0.010201499
0,3105,0.05153922,9.838436E-05,0.007162744,0.008601746,0.0031891048,0.003321453,0.009333288,0.009732388,0.0037239937,0.016729081,0.010128234
0,3120,0.051170066,9.7669064E-05,0.0071112607,0.008539181,0.0031659328,0.0032974272,0.009266152,0.009662217,0.0036998782,0.01661604,0.010055609
0,3135,0.050804112,9.6960255E-05,0.007060229,0.008477186,0.0031429706,0.0032736163,0.009199606,0.009592668,0.003675905,0.01650372,0.009983617
0,3150,0.050441317,9.625785E-05,0.0070096417,0.00841575,0.0031202154,0.003250017,0.009133643,0.009523732,0.0036520737,0.016392116,0.009912248
0,3165,0.050081644,9.556174E-05,0.006959494,0.008354866,0.0030976639,0.0032266267,0.009068253,0.0094554,0.0036283836,0.016281227,0.009841494
0,3180,0.04972505,9.487185E-05,0.00690978,0.008294527,0.0030753135,0.003203442,0.00900343,0.009387664,0.0036048344,0.016171047,0.009771349
0,3195,0.04937149,9.418809E-05,0.0068604937,0.008234724,0.0030531613,0.0031804605,0.008939166,0.009320514,0.0035814256,0.016061578,0.009701802
0,3210,0.049020927,9.351038E-05,0.006811629,0.008175451,0.0030312047,0.0031576795,0.008875453,0.009253946,0.0035581568,0.015952814,0.009632847
0,3225,0.048673324,9.2838636E-05,0.0067631816,0.0081167,0.003009441,0.003135096,0.008812284,0.009187951,0.0035350274,0.015844751,0.009564476
0,3240,0.048328646,9.217277E-05,0.0067151454,0.008058464,0.0029878675,0.0031127078,0.008749654,0.009122521,0.0035120368,0.01573739,0.009496682
0,3255,0.047986854,9.1512695E-05,0.006667515,0.008000736,0.0029664817,0.0030905118,0.008687553,0.009057648,0.0034891847,0.015630724,0.009429458
0,3270,0.047647912,9.085835E-05,0.006620285,0.007943508,0.0029452809,0.0030685056,0.008625976,0.008993326,0.0034664706,0.015524751,0.009362794
0,3285,0.047311783,9.020966E-05,0.0065734517,0.007886776,0.002924263,0.0030466872,0.008564916,0.008929547,0.0034438937,0.015419467,0.009296687
0,3300,0.046978436,8.9566536E-05,0.006527009,0.007830531,0.0029034254,0.0030250538,0.008504367,0.0088663045,0.003421454,0.0153148705,0.009231129
0,3315,0.046647836,8.892892E-05,0.0064809523,0.007774768,0.0028827656,0.003003603,0.008444322,0.008803592,0.0033991504,0.015210958,0.009166111
0,3330,0.04631995,8.829673E-05,0.006435277,0.00771948,0.0028622816,0.0029823328,0.008384775,0.008741403,0.0033769826,0.015107726,0.009101628
0,3345,0.045994744,8.76699E-05,0.006389978,0.0076646614,0.0028419709,0.0029612405,0.00832572,0.008679731,0.00335495,0.015005171,0.009037674
0,3360,0.045672186,8.704836E-05,0.0063450513,0.0076103057,0.0028218315,0.0029403244,0.008267151,0.008618569,0.0033330522,0.014903289,0.008974244
0,3375,0.045352247,8.643204E-05,0.006300492,0.0075564077,0.0028018611,0.0029195817,0.008209063,0.008557912,0.0033112883,0.014802078,0.008911328
0,3390,0.045034897,8.582089E-05,0.0062562968,0.007502961,0.0027820577,0.002899011,0.008151448,0.008497752,0.003289658,0.014701534,0.008848923
0,3405,0.0447201,8.521482E-05,0.00621246,0.0074499603,0.0027624192,0.0028786096,0.008094303,0.008438085,0.0032681609,0.014601653,0.008787022
0,3420,0.044407833,8.46138E-05,0.006168978,0.0073974,0.0027429434,0.0028583757,0.00803762,0.008378904,0.003246796,0.014502433,0.00872562
0,3435,0.044098064,8.401774E-05,0.006125847,0.007345275,0.0027236284,0.002838307,0.007981396,0.008320204,0.003225563,0.01440387,0.0086647095
0,3450,0.043790765,8.342659E-05,0.006083062,0.007293579,0.0027044725,0.0028184021,0.007925624,0.008261979,0.0032044614,0.01430596,0.008604285
0,3465,0.04348591,8.2840284E-05,0.0060406197,0.0072423085,0.0026854733,0.0027986588,0.0078703,0.008204222,0.0031834901,0.0142087005,0.0085443435
0,3480,0.04318347,8.2258775E-05,0.0059985165,0.007191457,0.0026666294,0.0027790752,0.007815418,0.0081469305,0.003162649,0.014112087,0.008484878
0,3495,0.042883415,8.1682E-05,0.005956748,0.0071410197,0.0026479387,0.0027596492,0.0077609723,0.0080900965,0.0031419373,0.014016116,0.008425883
0,3510,0.042585723,8.1109916E-05,0.0059153102,0.007090992,0.0026293995,0.0027403794,0.0077069597,0.008033717,0.0031213546,0.013920786,0.008367352
0,3525,0.042290367,8.054244E-05,0.0058742007,0.007041369,0.0026110099,0.0027212638,0.007653374,0.007977785,0.0031009,0.013826091,0.008309283
0,3540,0.041997325,7.997955E-05,0.0058334144,0.0069921464,0.0025927683,0.0027023004,0.0076002115,0.007922296,0.003080573,0.013732028,0.008251669
0,3555,0.041706566,7.9421174E-05,0.0057929484,0.006943319,0.002574673,0.002683488,0.007547467,0.007867247,0.003060373,0.013638595,0.008194505
0,3570,0.041418068,7.886726E-05,0.0057527996,0.0068948823,0.0025567221,0.0026648247,0.007495136,0.00781263,0.0030402995,0.013545788,0.008137787
0,3585,0.04113181,7.831776E-05,0.005712964,0.0068468326,0.0025389143,0.0026463086,0.0074432143,0.0077584423,0.0030203518,0.013453602,0.008081509
0,3600,0.040847763,7.777264E-05,0.0056734383,0.0067991647,0.0025212478,0.0026279385,0.007391697,0.007704679,0.003000529,0.013362034,0.008025667
0,3615,0.040565904,7.723182E-05,0.0056342194,0.0067518745,0.0025037213,0.0026097123,0.0073405798,0.0076513346,0.002980831,0.013271082,0.007970257
0,3630,0.040286217,7.669528E-05,0.0055953036,0.0067049577,0.0024863328,0.0025916288,0.0072898585,0.0075984057,0.0029612568,0.013180742,0.007915273
0,3645,0.04000867,7.6162956E-05,0.0055566886,0.0066584107,0.002469081,0.0025736864,0.0072395294,0.007545887,0.002941806,0.013091009,0.007860713
0,3660,0.03973325,7.5634816E-05,0.0055183703,0.006612229,0.0024519644,0.0025558837,0.007189588,0.007493775,0.002922478,0.013001881,0.0078065693
0,3675,0.03945993,7.51108E-05,0.0054803463,0.0065664086,0.0024349815,0.0025382189,0.00714003,0.0074420646,0.0029032717,0.012913353,0.0077528404
0,3690,0.039188687,7.459088E-05,0.005442613,0.006520946,0.0024181309,0.0025206907,0.007090852,0.007390752,0.002884187,0.012825422,0.007699521
0,3705,0.038919505,7.407499E-05,0.005405168,0.006475837,0.0024014113,0.0025032978,0.00704205,0.0073398333,0.0028652232,0.012738085,0.007646607
0,3720,0.03865236,7.3563104E-05,0.005368008,0.0064310776,0.002384821,0.0024860385,0.0069936197,0.007289304,0.0028463793,0.012651339,0.007594094
0,3735,0.038387235,7.305518E-05,0.0053311298,0.0063866647,0.002368359,0.0024689115,0.006945558,0.00723916,0.0028276553,0.01256518,0.0075419787
0,3750,0.038124107,7.2551156E-05,0.0052945316,0.0063425945,0.0023520237,0.0024519158,0.00689786,0.007189398,0.0028090498,0.012479603,0.007490257
0,3765,0.037862957,7.205102E-05,0.0052582095,0.006298863,0.0023358138,0.0024350495,0.006850524,0.007140014,0.0027905628,0.012394606,0.007438924
0,3780,0.037603766,7.1554714E-05,0.0052221618,0.0062554674,0.0023197283,0.0024183115,0.0068035447,0.007091004,0.0027721934,0.0123101855,0.007387977
0,3795,0.037346512,7.1062204E-05,0.0051863845,0.0062124035,0.0023037654,0.0024017007,0.006756919,0.0070423638,0.002753941,0.012226338,0.007337412
0,3810,0.03709118,7.057345E-05,0.005150876,0.006169668,0.0022879243,0.0023852158,0.0067106434,0.0069940905,0.0027358052,0.012143059,0.007287225
0,3825,0.036837753,7.008842E-05,0.0051156334,0.0061272583,0.0022722036,0.0023688553,0.0066647152,0.0069461805,0.0027177848,0.012060345,0.0072374125
0,3840,0.036586206,6.9607064E-05,0.0050806543,0.00608517,0.002256602,0.002352618,0.0066191303,0.0068986295,0.0026998797,0.011978195,0.0071879714
0,3855,0.03633653,6.912935E-05,0.0050459355,0.006043401,0.0022411186,0.0023365028,0.006573885,0.0068514347,0.002682089,0.011896602,0.007138897
0,3870,0.0360887,6.8655245E-05,0.005011475,0.0060019474,0.0022257518,0.0023205085,0.0065289773,0.006804592,0.0026644124,0.011815566,0.0070901867
0,3885,0.0358427,6.8184716E-05,0.004977271,0.005960806,0.0022105007,0.0023046338,0.006484403,0.006758099,0.0026468488,0.01173508,0.007041837
0,3900,0.035598516,6.7717716E-05,0.0049433196,0.0059199743,0.002195364,0.002288878,0.0064401594,0.006711951,0.002629398,0.0116551425,0.006993844
0,3915,0.03535613,6.725422E-05,0.0049096197,0.0058794487,0.0021803412,0.0022732392,0.006396243,0.006666146,0.002612059,0.011575751,0.006946205
0,3930,0.035115525,6.679419E-05,0.004876168,0.0058392263,0.0021654302,0.0022577168,0.006352651,0.00662068,0.0025948314,0.011496901,0.006898917
0,3945,0.034876682,6.63376E-05,0.0048429626,0.0057993047,0.0021506308,0.0022423097,0.00630938,0.0065755504,0.0025777144,0.0114185875,0.0068519753
0,3960,0.03463959,6.588441E-05,0.0048100017,0.0057596806,0.0021359413,0.0022270167,0.0062664277,0.0065307533,0.0025607075,0.011340809,0.0068053785
0,3975,0.03440423,6.5434586E-05,0.0047772825,0.005720351,0.002121361,0.0022118366,0.0062237903,0.0064862864,0.0025438103,0.011263562,0.006759122
0,3990,0.034170583,6.49881E-05,0.0047448026,0.005681313,0.002106889,0.0021967683,0.006181466,0.006442146,0.0025270218,0.011186844,0.006713203
0,4005,0.033938643,6.454492E-05,0.00471256,0.0056425645,0.0020925237,0.0021818113,0.0061394507,0.0063983295,0.0025103416,0.0111106485,0.0066676196
0,4020,0.033708382,6.4105014E-05,0.004680553,0.0056041023,0.0020782647,0.0021669639,0.006097743,0.0063548335,0.002493769,0.011034975,0.0066223675
0,4035,0.0334798,6.366835E-05,0.004648779,0.0055659236,0.0020641105,0.0021522255,0.0060563385,0.0063116555,0.0024773034,0.010959819,0.0065774443
0,4050,0.033252865,6.32349E-05,0.004617236,0.0055280263,0.0020500605,0.0021375949,0.0060152356,0.0062687923,0.002460944,0.010885178,0.0065328465
0,4065,0.03302758,6.2804625E-05,0.004585922,0.0054904073,0.0020361138,0.002123071,0.0059744315,0.0062262416,0.0024446906,0.010811048,0.006488572
0,4080,0.032803915,6.237751E-05,0.0045548356,0.005453064,0.0020222692,0.0021086535,0.005933923,0.006184,0.0024285421,0.010737425,0.0064446176
0,4095,0.032581866,6.195353E-05,0.0045239734,0.0054159947,0.002008526,0.0020943407,0.005893708,0.006142065,0.0024124982,0.010664307,0.0064009805
0,4110,0.032361418,6.1532635E-05,0.0044933343,0.005379196,0.0019948827,0.002080132,0.0058537843,0.006100434,0.0023965582,0.0105916895,0.0063576577
0,4125,0.03214255,6.111482E-05,0.0044629164,0.0053426656,0.0019813392,0.0020660264,0.005814148,0.006059104,0.0023807217,0.01051957,0.006314647
0,4140,0.031925257,6.0700037E-05,0.0044327173,0.0053064013,0.0019678941,0.002052023,0.005774798,0.006018073,0.0023649877,0.010447945,0.0062719453
0,4155,0.03170952,6.0288272E-05,0.0044027353,0.0052704006,0.0019545467,0.002038121,0.0057357308,0.0059773372,0.002349356,0.010376812,0.0062295496
0,4170,0.031495325,5.9879494E-05,0.004372969,0.005234661,0.001941296,0.0020243193,0.005696944,0.005936895,0.0023338255,0.0103061665,0.006187458
0,4185,0.031282667,5.9473678E-05,0.0043434156,0.0051991805,0.0019281413,0.002010617,0.005658436,0.0058967434,0.002318396,0.010236006,0.0061456678
0,4200,0.031071523,5.9070797E-05,0.0043140743,0.005163957,0.0019150818,0.0019970133,0.005620204,0.0058568805,0.002303067,0.0101663275,0.0061041764
0,4215,0.030861886,5.8670823E-05,0.0042849425,0.0051289876,0.0019021163,0.0019835078,0.005582245,0.005817303,0.0022878374,0.010097127,0.0060629807
0,4230,0.030653741,5.827373E-05,0.004256019,0.00509427,0.0018892444,0.0019700988,0.0055445577,0.005778009,0.0022727072,0.010028403,0.0060220785
0,4245,0.030447075,5.78795E-05,0.0042273016,0.005059803,0.001876465,0.0019567863,0.0055071395,0.005738996,0.0022576752,0.00996015,0.0059814677
0,4260,0.030241879,5.74881E-05,0.004198789,0.005025584,0.0018637775,0.0019435689,0.0054699876,0.005700262,0.0022427412,0.009892367,0.0059411456
0,4275,0.030038137,5.7099514E-05,0.004170479,0.00499161,0.0018511809,0.001930446,0.0054331003,0.0056618033,0.0022279045,0.009825049,0.0059011094
0,4290,0.02983584,5.671371E-05,0.00414237,0.00495788,0.0018386747,0.0019174168,0.005396475,0.0056236186,0.0022131647,0.009758195,0.0058613573
0,4305,0.029634975,5.6330668E-05,0.0041144607,0.0049243914,0.0018262578,0.0019044805,0.00536011,0.005585706,0.0021985208,0.009691799,0.005821887
0,4320,0.029435528,5.595036E-05,0.004086749,0.0048911422,0.0018139298,0.0018916364,0.005324003,0.0055480623,0.0021839726,0.009625861,0.005782696
0,4335,0.02923749,5.557277E-05,0.0040592337,0.00485813,0.0018016895,0.0018788836,0.0052881516,0.005510686,0.0021695194,0.009560376,0.0057437816
0,4350,0.029040849,5.519787E-05,0.004031913,0.0048253536,0.0017895366,0.0018662213,0.0052525536,0.005473574,0.0021551608,0.009495342,0.005705142
0,4365,0.028845593,5.4825643E-05,0.004004785,0.004792811,0.0017774701,0.0018536488,0.0052172076,0.005436725,0.0021408957,0.009430755,0.0056667747
0,4380,0.028651712,5.4456057E-05,0.003977848,0.004760499,0.0017654893,0.0018411655,0.0051821107,0.0054001366,0.002126724,0.009366613,0.005628678
0,4395,0.028459193,5.4089098E-05,0.0039511016,0.004728417,0.0017535937,0.0018287705,0.005147261,0.0053638066,0.002112645,0.009302912,0.005590849
0,4410,0.028268028,5.3724743E-05,0.003924543,0.0046965624,0.0017417824,0.0018164631,0.0051126573,0.005327733,0.0020986581,0.00923965,0.005553286
0,4425,0.028078202,5.3362965E-05,0.0038981715,0.004664934,0.0017300546,0.0018042426,0.005078297,0.0052919127,0.0020847628,0.009176823,0.0055159866
0,4440,0.027889708,5.300375E-05,0.003871985,0.004633529,0.0017184099,0.0017921083,0.005044178,0.0052563455,0.0020709585,0.009114429,0.005478949
0,4455,0.027702533,5.2647072E-05,0.0038459823,0.004602346,0.0017068475,0.0017800594,0.0050102985,0.005221028,0.0020572445,0.009052465,0.005442171
0,4470,0.027516669,5.2292915E-05,0.003820162,0.0045713834,0.0016953666,0.0017680954,0.0049766568,0.0051859585,0.0020436205,0.008990928,0.00540565
0,4485,0.027332103,5.1941253E-05,0.0037945225,0.004540639,0.0016839666,0.0017562156,0.0049432507,0.005151135,0.0020300858,0.008929814,0.005369385
0,4500,0.027148824,5.1592066E-05,0.0037690625,0.004510111,0.0016726468,0.0017444191,0.0049100784,0.0051165554,0.0020166398,0.008869121,0.005333373
0,4515,0.026966825,5.124534E-05,0.0037437803,0.0044797985,0.0016614068,0.0017327054,0.0048771384,0.0050822184,0.002003282,0.008808847,0.0052976124
0,4530,0.026786096,5.090105E-05,0.0037186746,0.0044496986,0.0016502457,0.0017210738,0.004844428,0.0050481213,0.001990012,0.008748987,0.0052621015
0,4545,0.026606625,5.0559174E-05,0.0036937443,0.00441981,0.001639163,0.0017095236,0.0048119463,0.0050142626,0.001976829,0.00868954,0.005226838
0,4560,0.026428401,5.02197E-05,0.0036689877,0.0043901317,0.001628158,0.0016980543,0.0047796913,0.0049806405,0.0019637325,0.008630503,0.0051918197
0,4575,0.026251419,4.9882605E-05,0.0036444035,0.004360661,0.00161723,0.001686665,0.004747661,0.004947253,0.0019507223,0.0085718725,0.0051570456
0,4590,0.026075663,4.954787E-05,0.0036199905,0.004331397,0.0016063786,0.0016753554,0.0047158534,0.004914098,0.0019377974,0.008513646,0.0051225126
0,4605,0.02590113,4.9215476E-05,0.0035957473,0.0043023373,0.0015956031,0.0016641245,0.0046842676,0.004881174,0.0019249575,0.00845582,0.00508822
0,4620,0.025727807,4.8885402E-05,0.0035716724,0.004273481,0.0015849028,0.0016529721,0.004652901,0.004848479,0.001912202,0.008398394,0.0050541647
0,4635,0.025555683,4.8557635E-05,0.0035477646,0.0042448263,0.0015742772,0.0016418973,0.004621752,0.0048160115,0.0018995304,0.008341364,0.005020346
0,4650,0.025384754,4.8232152E-05,0.0035240229,0.004216371,0.0015637256,0.0016308995,0.0045908196,0.004783769,0.0018869422,0.008284725,0.0049867616
0,4665,0.025215006,4.790894E-05,0.0035004455,0.0041881143,0.0015532476,0.0016199782,0.0045601013,0.004751751,0.0018744369,0.008228478,0.0049534095
0,4680,0.025046432,4.758798E-05,0.0034770316,0.0041600545,0.0015428426,0.0016091327,0.0045295963,0.004719955,0.0018620138,0.008172618,0.0049202885
0,4695,0.024879023,4.7269248E-05,0.0034537797,0.0041321903,0.0015325098,0.0015983626,0.0044993022,0.0046883794,0.0018496725,0.008117144,0.0048873965
0,4710,0.02471277,4.6952733E-05,0.0034306885,0.0041045193,0.001522249,0.0015876672,0.0044692177,0.004657022,0.0018374126,0.008062052,0.0048547313
0,4725,0.024547664,4.663842E-05,0.003407757,0.0040770406,0.0015120594,0.0015770458,0.0044393414,0.004625882,0.0018252333,0.008007339,0.004822292
0,4740,0.024383698,4.6326284E-05,0.0033849839,0.004049753,0.0015019404,0.001566498,0.0044096713,0.004594957,0.0018131345,0.007953003,0.0047900765
0,4755,0.02422086,4.6016314E-05,0.0033623679,0.004022654,0.0014918916,0.0015560233,0.004380206,0.004564246,0.0018011153,0.007899042,0.004758083
0,4770,0.024059143,4.5708493E-05,0.0033399079,0.003995743,0.0014819124,0.0015456208,0.004350944,0.0045337467,0.0017891753,0.007845453,0.00472631
0,4785,0.02389854,4.54028E-05,0.0033176027,0.003969019,0.0014720024,0.0015352904,0.004321884,0.0045034583,0.0017773142,0.007792234,0.004694755
0,4800,0.023739042,4.5099227E-05,0.003295451,0.0039424794,0.0014621607,0.0015250312,0.0042930236,0.0044733784,0.0017655313,0.007739381,0.004663418
0,4815,0.02358064,4.479775E-05,0.003273452,0.0039161234,0.0014523872,0.0015148429,0.004264362,0.0044435062,0.001753826,0.0076868925,0.0046322965
0,4830,0.023423325,4.4498356E-05,0.003251604,0.0038899493,0.0014426812,0.0015047247,0.004235898,0.0044138394,0.0017421981,0.0076347655,0.0046013887
0,4845,0.023267092,4.4201028E-05,0.0032299065,0.0038639563,0.0014330422,0.0014946763,0.0042076297,0.0043843766,0.0017306469,0.0075829984,0.0045706932
0,4860,0.02311193,4.390575E-05,0.0032083578,0.0038381424,0.0014234696,0.0014846971,0.004179556,0.0043551167,0.001719172,0.0075315875,0.0045402083
0,4875,0.022957832,4.3612512E-05,0.0031869574,0.0038125066,0.0014139632,0.0014747867,0.0041516745,0.004326058,0.0017077728,0.007480531,0.0045099324
0,4890,0.02280479,4.332129E-05,0.0031657035,0.0037870475,0.0014045221,0.0014649442,0.004123985,0.0042971987,0.001696449,0.0074298265,0.004479864
0,4905,0.022652797,4.303208E-05,0.0031445955,0.0037617637,0.001395146,0.0014551695,0.0040964847,0.0042685377,0.0016851999,0.0073794713,0.004450002
0,4920,0.022501843,4.2744854E-05,0.0031236324,0.0037366538,0.0013858344,0.001445462,0.0040691732,0.0042400733,0.0016740252,0.007329463,0.0044203443
0,4935,0.022351922,4.2459607E-05,0.0031028127,0.0037117167,0.0013765868,0.0014358211,0.004042049,0.004211804,0.0016629243,0.0072797993,0.00439089
0,4950,0.022203028,4.2176318E-05,0.0030821355,0.003686951,0.0013674028,0.0014262463,0.0040151104,0.0041837287,0.0016518969,0.0072304783,0.004361637
0,4965,0.022055151,4.1894975E-05,0.0030615998,0.0036623555,0.0013582819,0.0014167372,0.0039883563,0.0041558454,0.0016409423,0.0071814964,0.0043325834
0,4980,0.021908283,4.1615564E-05,0.0030412045,0.0036379287,0.0013492235,0.0014072933,0.003961785,0.004128153,0.0016300601,0.0071328525,0.004303729
0,4995,0.02176242,4.1338066E-05,0.0030209487,0.0036136697,0.0013402273,0.0013979139,0.0039353957,0.00410065,0.0016192499,0.0070845434,0.0042750714
0,5010,0.02161755,4.1062474E-05,0.0030008315,0.0035895768,0.0013312928,0.0013885989,0.0039091865,0.0040733353,0.0016085113,0.007036567,0.0042466098
0,5025,0.02147367,4.078877E-05,0.0029808513,0.003565649,0.0013224195,0.0013793475,0.0038831565,0.0040462073,0.0015978437,0.006988921,0.0042183422
0,5040,0.02133077,4.051694E-05,0.0029610076,0.0035418852,0.0013136069,0.0013701594,0.003857304,0.0040192646,0.0015872467,0.0069416035,0.0041902675
0,5055,0.021188844,4.024697E-05,0.0029412995,0.003518284,0.0013048546,0.0013610342,0.0038316282,0.0039925054,0.0015767198,0.0068946118,0.004162384
0,5070,0.021047886,3.9978848E-05,0.0029217256,0.0034948445,0.0012961623,0.0013519713,0.0038061275,0.0039659296,0.0015662626,0.0068479436,0.0041346904
0,5085,0.020907886,3.971256E-05,0.0029022852,0.0034715652,0.0012875292,0.0013429703,0.0037808004,0.0039395345,0.0015558746,0.006801597,0.0041071856
0,5100,0.02076884,3.9448092E-05,0.002882977,0.003448445,0.0012789553,0.0013340306,0.003755646,0.0039133197,0.0015455554,0.006755569,0.004079868
0,5115,0.02063074,3.9185426E-05,0.0028638006,0.0034254824,0.0012704398,0.001325152,0.0037306629,0.0038872832,0.0015353046,0.0067098583,0.004052737
0,5130,0.020493578,3.8924558E-05,0.0028447544,0.003402677,0.0012619825,0.0013163339,0.0037058499,0.0038614243,0.0015251216,0.006664462,0.0040257894
0,5145,0.02035735,3.866547E-05,0.002825838,0.0033800271,0.0012535829,0.0013075758,0.0036812057,0.0038357414,0.0015150062,0.0066193785,0.0039990256
0,5160,0.020222045,3.8408147E-05,0.0028070502,0.0033575317,0.0012452406,0.0012988775,0.0036567291,0.0038102332,0.0015049577,0.006574605,0.0039724438
0,5175,0.020087661,3.815258E-05,0.00278839,0.0033351898,0.001236955,0.0012902383,0.003632419,0.0037848987,0.0014949759,0.00653014,0.003946042
0,5190,0.01995419,3.789875E-05,0.002769857,0.0033129998,0.0012287261,0.0012816581,0.0036082743,0.0037597364,0.0014850601,0.006485981,0.0039198203
0,5205,0.019821623,3.7646652E-05,0.0027514494,0.0032909613,0.0012205531,0.001273136,0.0035842934,0.003734745,0.0014752101,0.0064421254,0.003893776
0,5220,0.019689957,3.7396272E-05,0.002733167,0.0032690729,0.0012124358,0.001264672,0.0035604753,0.0037099237,0.0014654254,0.0063985717,0.0038679088
0,5235,0.019559182,3.7147594E-05,0.0027150086,0.0032473332,0.0012043737,0.0012562656,0.003536819,0.0036852707,0.0014557055,0.006355318,0.003842217
0,5250,0.019429294,3.690061E-05,0.0026969735,0.0032257414,0.0011963664,0.0012479161,0.0035133231,0.003660785,0.0014460501,0.0063123615,0.0038166991
0,5265,0.019300286,3.66553E-05,0.0026790607,0.0032042966,0.0011884135,0.0012396235,0.0034899868,0.0036364656,0.0014364587,0.006269701,0.0037913544
0,5280,0.019172153,3.641166E-05,0.0026612692,0.0031829975,0.0011805147,0.0012313871,0.0034668085,0.0036123113,0.0014269309,0.006227333,0.0037661814
0,5295,0.019044885,3.6169677E-05,0.0026435982,0.003161843,0.0011726695,0.0012232066,0.0034437873,0.0035883207,0.0014174663,0.0061852573,0.0037411787
0,5310,0.01891848,3.5929334E-05,0.002626047,0.0031408323,0.0011648777,0.0012150817,0.0034209222,0.0035644926,0.0014080645,0.0061434703,0.0037163454
0,5325,0.018792931,3.5690624E-05,0.0026086147,0.0031199642,0.0011571386,0.0012070118,0.003398212,0.003540826,0.0013987251,0.006101971,0.0036916803
0,5340,0.01866823,3.5453533E-05,0.0025913005,0.0030992376,0.0011494522,0.0011989964,0.0033756553,0.0035173197,0.0013894477,0.0060607567,0.0036671818
0,5355,0.018544374,3.521805E-05,0.0025741032,0.0030786516,0.0011418178,0.0011910356,0.0033532514,0.0034939726,0.0013802318,0.006019826,0.0036428492
0,5370,0.018421354,3.4984165E-05,0.0025570225,0.0030582054,0.0011342352,0.0011831286,0.003330999,0.0034707834,0.001371077,0.005979176,0.003618681
0,5385,0.018299166,3.4751865E-05,0.002540057,0.0030378976,0.0011267039,0.0011752752,0.0033088971,0.0034477513,0.001361983,0.005938806,0.0035946763
0,5400,0.018177802,3.4521137E-05,0.0025232064,0.0030177273,0.0011192237,0.0011674749,0.003286945,0.0034248747,0.0013529494,0.0058987136,0.0035708337
0,5415,0.018057259,3.4291974E-05,0.0025064696,0.0029976938,0.0011117941,0.0011597273,0.0032651408,0.003402153,0.0013439758,0.0058588963,0.0035471523
0,5430,0.017937528,3.406436E-05,0.002489846,0.002977796,0.0011044148,0.0011520323,0.003243484,0.0033795848,0.0013350617,0.0058193523,0.0035236306
0,5445,0.017818607,3.383829E-05,0.0024733345,0.0029580328,0.0010970855,0.0011443892,0.0032219738,0.0033571692,0.0013262068,0.0057800803,0.0035002679
0,5460,0.017700488,3.3613745E-05,0.0024569347,0.0029384033,0.0010898057,0.0011367978,0.0032006085,0.003334905,0.0013174107,0.005741078,0.0034770626
0,5475,0.017583165,3.339072E-05,0.0024406454,0.0029189065,0.0010825753,0.0011292577,0.0031793877,0.003312791,0.0013086731,0.005702344,0.003454014
0,5490,0.017466633,3.3169203E-05,0.002424466,0.0028995415,0.0010753936,0.0011217685,0.00315831,0.0032908265,0.0012999934,0.005663875,0.003431121
0,5505,0.017350888,3.2949185E-05,0.0024083958,0.0028803076,0.0010682605,0.0011143299,0.0031373743,0.00326901,0.0012913714,0.005625671,0.003408382
0,5520,0.017235922,3.273065E-05,0.002392434,0.0028612034,0.0010611756,0.0011069415,0.00311658,0.0032473407,0.0012828066,0.0055877287,0.0033857964
0,5535,0.01712173,3.2513595E-05,0.0023765797,0.0028422284,0.0010541385,0.001099603,0.003095926,0.0032258178,0.0012742988,0.005550047,0.0033633632
0,5550,0.017008308,3.2298005E-05,0.0023608324,0.0028233817,0.001047149,0.0010923139,0.003075411,0.0032044398,0.0012658475,0.005512624,0.0033410809
0,5565,0.01689565,3.208387E-05,0.002345191,0.0028046619,0.0010402066,0.001085074,0.0030550344,0.0031832058,0.0012574522,0.0054754578,0.0033189487
0,5580,0.01678375,3.187118E-05,0.0023296552,0.0027860687,0.001033311,0.0010778831,0.003034795,0.003162115,0.0012491128,0.0054385467,0.0032969657
0,5595,0.016672602,3.165992E-05,0.002314224,0.0027676008,0.0010264621,0.0010707405,0.0030146919,0.0031411666,0.0012408288,0.0054018884,0.0032751304
0,5610,0.016562203,3.145009E-05,0.0022988964,0.0027492575,0.0010196592,0.001063646,0.002994724,0.003120359,0.0012325998,0.005365482,0.0032534422
0,5625,0.016452547,3.1241674E-05,0.002283672,0.0027310378,0.0010129022,0.0010565994,0.0029748909,0.0030996916,0.0012244256,0.0053293253,0.0032319
0,5640,0.016343627,3.1034662E-05,0.0022685505,0.002712941,0.0010061908,0.0010496002,0.0029551908,0.0030791631,0.0012163057,0.0052934163,0.0032105027
0,5655,0.016235441,3.0829047E-05,0.0022535303,0.002694966,0.0009995246,0.0010426482,0.0029356235,0.003058773,0.0012082397,0.005257754,0.003189249
0,5670,0.016127981,3.0624815E-05,0.0022386112,0.0026771124,0.0009929033,0.0010357429,0.002916188,0.00303852,0.0012002273,0.005222336,0.0031681384
0,5685,0.016021244,3.0421957E-05,0.0022237925,0.0026593788,0.0009863266,0.0010288842,0.0028968828,0.0030184032,0.0011922682,0.005187161,0.0031471697
0,5700,0.015915222,3.0220468E-05,0.0022090732,0.0026417647,0.0009797941,0.0010220716,0.0028777076,0.0029984217,0.001184362,0.0051522264,0.0031263418
0,5715,0.015809914,3.0020334E-05,0.002194453,0.002624269,0.00097330566,0.0010153047,0.0028586613,0.0029785747,0.0011765084,0.005117532,0.003105654
0,5730,0.015705314,2.9821545E-05,0.002179931,0.0026068913,0.0009668608,0.0010085835,0.002839743,0.002958861,0.0011687069,0.005083075,0.003085105
0,5745,0.015601415,2.9624096E-05,0.0021655066,0.0025896304,0.00096045935,0.0010019073,0.0028209516,0.0029392797,0.0011609574,0.005048854,0.003064694
0,5760,0.0154982135,2.9427973E-05,0.002151179,0.0025724857,0.0009541009,0.000995276,0.0028022865,0.00291983,0.0011532593,0.0050148675,0.0030444202
0,5775,0.015395705,2.923317E-05,0.0021369476,0.0025554562,0.0009477853,0.0009886894,0.002783747,0.0029005108,0.0011456124,0.0049811136,0.0030242822
0,5790,0.015293884,2.9039677E-05,0.0021228117,0.002538541,0.00094151206,0.000982147,0.0027653317,0.0028813214,0.0011380165,0.004947591,0.0030042795
0,5805,0.015192746,2.8847482E-05,0.0021087707,0.0025217398,0.00093528104,0.00097564847,0.00274704,0.0028622607,0.0011304709,0.004914298,0.0029844109
0,5820,0.015092286,2.8656581E-05,0.0020948239,0.0025050514,0.0009290918,0.0009691936,0.002728871,0.0028433283,0.0011229756,0.0048812334,0.0029646757
0,5835,0.0149925,2.846696E-05,0.0020809707,0.002488475,0.0009229442,0.00096278207,0.002710824,0.0028245226,0.0011155301,0.004848395,0.0029450727
0,5850,0.014893383,2.8278615E-05,0.0020672104,0.00247201,0.0009168379,0.00095641357,0.002692898,0.0028058433,0.0011081342,0.004815781,0.002925601
0,5865,0.01479493,2.8091534E-05,0.0020535423,0.0024556557,0.0009107726,0.00095008785,0.002675092,0.002787289,0.0011007874,0.0047833906,0.0029062603
0,5880,0.014697136,2.7905708E-05,0.002039966,0.0024394111,0.000904748,0.00094380457,0.0026574058,0.0027688595,0.0010934895,0.0047512213,0.0028870488
0,5895,0.0145999985,2.772113E-05,0.0020264804,0.0024232755,0.00089876377,0.00093756337,0.002639838,0.0027505532,0.00108624,0.0047192727,0.0028679662
0,5910,0.014503512,2.753779E-05,0.0020130854,0.0024072481,0.0008928198,0.0009313641,0.0026223878,0.0027323698,0.001079039,0.004687542,0.0028490114
0,5925,0.01440767,2.735568E-05,0.00199978,0.0023913283,0.0008869156,0.00092520635,0.0026050548,0.0027143084,0.0010718857,0.004656029,0.0028301836
0,5940,0.01431247,2.7174792E-05,0.001986564,0.0023755154,0.00088105106,0.0009190899,0.0025878376,0.002696368,0.00106478,0.0046247314,0.002811482
0,5955,0.0142179085,2.6995116E-05,0.0019734362,0.0023598084,0.0008752258,0.0009130144,0.002570736,0.0026785475,0.0010577217,0.0045936476,0.0027929053
0,5970,0.014123979,2.6816646E-05,0.0019603965,0.0023442067,0.0008694396,0.00090697967,0.0025537487,0.0026608466,0.0010507102,0.0045627765,0.0027744533
0,5985,0.014030679,2.663937E-05,0.0019474439,0.0023287097,0.00086369226,0.0009009853,0.0025368752,0.0026432641,0.0010437453,0.0045321165,0.0027561244
0,6000,0.013938002,2.6463284E-05,0.0019345782,0.0023133166,0.00085798337,0.00089503115,0.0025201146,0.0026257993,0.0010368269,0.004501666,0.0027379184
